Sr no.,Name ,Age,Mobile no.,Gender,ID no.
23,Sweta Kiran Tiwari,23,9873623584,F,243222
12,Suraj Surendra Singh,56,7773464239,M,622589
45,Suresh Vijay Bhat,12,9873623586,M,345546
10,Dev Mali,76,9932452126,M,623490
15,Sweety Sujay Mondal,42,7773464243,F,452238
50,Virat Sen,34,7773464246,M,345247
40,Sayali Nilesh Bhat,52,8823462790,F,232328
13,Rashmi Niraj Singh,23,9873623591,F,623287
11,Vijaya Vijay Mali,53,9932452132,F,345137
17,Virat Chaudhari,21,9873623593,M,322249
34,Kiran Suraj Singh,65,8823462792,M,434241
99,Jaya Surendra Sood,34,9932452129,F,624592
77,Nilesh Datta ,56,9873623585,M,466536
24,Sonakshi Pankaj Patil,42,9475232221,F,387248
56,Sayali Om Patil ,56,7773464240,F,232230
26,Riya Ravindra Patil,42,9475232223,F,464239
9,Kalyani Ramesh Datta,42,7773464244,F,623586
18,Lilavati Dev Chaudhari,45,9475232222,F,452126
19,Kamal Patil,34,9873623589,M,464243
20,Gaurav Singh,67,7899345246,M,464246
2,Surandra Ramesh Singh,12,9873623590,M,462790
43,Pankaj Sood ,87,9932452138,M,623591
45,Kamala Patil,87,7899345247,F,452132
6,Laksh Sen,23,9475232228,M,623593
11,Laksh Om Patil,4,9873623587,M,462792
8,dev Borase ,55,7899345237,M,452129
7,Jagruti Dev Singh,43,7899345249,F,623585
14,Ramesh Singh,22,7773464241,M,232221
35,Guari Dev Borase,66,9873623592,F,464240
16,Nilima Ramesh Pawar,44,7773464236,F,232223
17,Nisha Mondal,21,7899345248,F,464244
32,Ravindra Bose ,56,9475232230,M,232222
30,Sujay Kiran Pawar,48,9873623594,M,623589
24,Mandira Ravindra Das,32,7899345243,F,345246
35,Yadnesh Purohit,67,7773464242,M,623590
66,Nirmala Bose,44,9864533745,F,452138
29,Riya Sujay Das,34,9873623588,F,345247
28,Karishma Bose,23,9932452133,F,232228
39,Kiran Sujay Purohit,34,7899345242,F,623587
40,Diya Joshi,35,9864533744,F,345237
63,Niraj Akshay Singh,87,9932452135,M,345249
42,Niraj Bose,54,9475232231,M,464241
62,Kiran Singh,23,7899345245,M,623592
5,Akshay Bose,44,9932452123,M,464236
12,Minakshi Niraj Suryavanshi,55,9932452128,F,345248
13,Akshay Sujay Bose,56,9864533753,M,232230
83,Niraj Verma,21,8823462800,M,623594
19,Niraj Dev Singh,10,9932452124,M,462795
58,Hina Niraj Verma,20,7899345239,F,533743
50,Niraj Dev ,8,9475232226,M,997434
51,Kajol Sujay Saha,90,8823462801,F,464238
68,Surabhi Singh,27,9864533748,F,533741
78,Reshma Niraj Rehaman,38,9932452136,F,766353
54,Vijay dev,43,9864533750,M,543232
44,Shekhar Dev,12,9864533749,M,533443
56,Dishari Mondal,45,7773464245,F,947434
77,Vijaya Ramesh Saha,76,8823462789,M,464258
58,Shweta Kiran Mondal,44,7899345236,F,533751
88,Vijaya Ramesh Mali,23,9475232229,F,452133
60,Sayali  Sujay Singh,33,8823462797,F,345242
61,Sweety Bhat,37,9475232225,F,533744
76,Rashmi Rama Bhat,9,9932452130,F,452135
63,Om Singh,1,9475232227,M,232231
34,Vijay Ramesh Mali,77,7899345240,M,345245
65,Jay Singh,66,8823462794,M,452123
11,Ved Tiwari,69,9932452137,M,452128
67,Jaya Vijay Sood,64,9864533752,F,533753
68,Shekhar Patil,23,7773464237,M,462800
69,Lalit Bose,34,9864533742,M,452124
70,Kiran Sood,5,8823462793,M,345239
71,Sayali Suraj Patil ,7,9864533751,F,232226
47,Suraj Tiwari,4,7568997433,M,462801
37,Kalyani Chaudhari,43,9932452131,F,533748
49,Lilavati Datta,45,9864533747,F,452136
75,Sonakshi Sood,55,9932452134,F,533750
36,Daksh Singh,55,7568997432,M,533749
77,Sayali Suraj Sood,5,9864533746,M,464245
95,Riya Suraj Patil,76,7899345235,F,462789
79,Nilima Suraj Deshmukh,72,8823462799,M,345236
80,Kamala Singh,18,7568997435,F,232229
40,Pooja Kapoor,16,9932452125,F,462797
72,Jagruti Kale,55,7568997431,F,232225
83,Rama Tiwari,42,7899345238,F,452130
45,Gauri Vijay Borase,45,8823462791,F,232227
85,Guari  Suraj Borase,63,7899345241,M,345240
98,Suraj Nilima Singh,39,7568997436,M,462794
87,Vijay Suresh Deshmukh,72,8823462795,M,452131
67,Ravindra Ramesh Deshmukh ,87,9864533743,M,533747
56,Nilima Suraj Pawar,45,7568997434,F,452134
90,Vikrant Singh,54,7773464238,M,997432
41,Laksh Oberoi,21,9864533741,M,533746
92,Yuvraj Das,90,7568997437,M,345235
83,Riya Ravindra Das,98,9932452127,F,462799
94,Ravindra Ramesh Bose ,66,7899345244,M,997435
105,Kiran Prakash Purohit,54,8823462798,F,452125
76,Diya Vikrant Joshi,54,7773464235,F,997431
100,Diya Sen,44,7899345234,F,345238
91,Suresh Sen,40,9475232224,M,462791
87,Vijay Suresh Bhat,50,8823462796,M,345241
80,Jaya Kiran Dev,64,7773464234,F,997436
